quarter,flat_type,no_of_resale_applications
2007-Q1,1-room,5
2007-Q1,2-room,67
2007-Q1,3-room,1908
2007-Q1,4-room,2365
2007-Q1,5-room,1402
2007-Q1,Executive,511
2007-Q2,1-room,3
2007-Q2,2-room,65
2007-Q2,3-room,2390
2007-Q2,4-room,3091
2007-Q2,5-room,2305
2007-Q2,Executive,854
2007-Q3,1-room,6
2007-Q3,2-room,65
2007-Q3,3-room,2179
2007-Q3,4-room,2833
2007-Q3,5-room,1901
2007-Q3,Executive,738
2007-Q4,1-room,7
2007-Q4,2-room,80
2007-Q4,3-room,1945
2007-Q4,4-room,2525
2007-Q4,5-room,1667
2007-Q4,Executive,524
2008-Q1,1-room,3
2008-Q1,2-room,59
2008-Q1,3-room,1854
2008-Q1,4-room,2415
2008-Q1,5-room,1574
2008-Q1,Executive,453
2008-Q2,1-room,6
2008-Q2,2-room,65
2008-Q2,3-room,2182
2008-Q2,4-room,2857
2008-Q2,5-room,1997
2008-Q2,Executive,656
2008-Q3,1-room,2
2008-Q3,2-room,61
2008-Q3,3-room,2296
2008-Q3,4-room,2956
2008-Q3,5-room,2172
2008-Q3,Executive,625
2008-Q4,1-room,4
2008-Q4,2-room,57
2008-Q4,3-room,1806
2008-Q4,4-room,2336
2008-Q4,5-room,1578
2008-Q4,Executive,405
2009-Q1,1-room,5
2009-Q1,2-room,64
2009-Q1,3-room,2011
2009-Q1,4-room,2488
2009-Q1,5-room,1506
2009-Q1,Executive,372
2009-Q2,1-room,1
2009-Q2,2-room,70
2009-Q2,3-room,2860
2009-Q2,4-room,3787
2009-Q2,5-room,2713
2009-Q2,Executive,753
2009-Q3,1-room,4
2009-Q3,2-room,88
2009-Q3,3-room,3015
2009-Q3,4-room,4062
2009-Q3,5-room,3422
2009-Q3,Executive,1058
2009-Q4,1-room,5
2009-Q4,2-room,120
2009-Q4,3-room,2508
2009-Q4,4-room,3326
2009-Q4,5-room,2187
2009-Q4,Executive,780
2010-Q1,1-room,3
2010-Q1,2-room,122
2010-Q1,3-room,2471
2010-Q1,4-room,3190
2010-Q1,5-room,2047
2010-Q1,Executive,651
2010-Q2,1-room,4
2010-Q2,2-room,127
2010-Q2,3-room,2679
2010-Q2,4-room,3296
2010-Q2,5-room,2240
2010-Q2,Executive,768
2010-Q3,1-room,5
2010-Q3,2-room,166
2010-Q3,3-room,2407
2010-Q3,4-room,2965
2010-Q3,5-room,1975
2010-Q3,Executive,687
2010-Q4,1-room,7
2010-Q4,2-room,134
2010-Q4,3-room,2036
2010-Q4,4-room,2290
2010-Q4,5-room,1477
2010-Q4,Executive,510
2011-Q1,1-room,3
2011-Q1,2-room,103
2011-Q1,3-room,1818
2011-Q1,4-room,2266
2011-Q1,5-room,1582
2011-Q1,Executive,456
2011-Q2,1-room,4
2011-Q2,2-room,116
2011-Q2,3-room,1966
2011-Q2,4-room,2365
2011-Q2,5-room,1635
2011-Q2,Executive,495
2011-Q3,1-room,4
2011-Q3,2-room,112
2011-Q3,3-room,1796
2011-Q3,4-room,2118
2011-Q3,5-room,1415
2011-Q3,Executive,458
2011-Q4,1-room,3
2011-Q4,2-room,86
2011-Q4,3-room,1712
2011-Q4,4-room,2224
2011-Q4,5-room,1412
2011-Q4,Executive,484
2012-Q1,1-room,3
2012-Q1,2-room,100
2012-Q1,3-room,1756
2012-Q1,4-room,2226
2012-Q1,5-room,1370
2012-Q1,Executive,437
2012-Q2,1-room,1
2012-Q2,2-room,139
2012-Q2,3-room,1974
2012-Q2,4-room,2676
2012-Q2,5-room,1594
2012-Q2,Executive,627
2012-Q3,1-room,11
2012-Q3,2-room,146
2012-Q3,3-room,1848
2012-Q3,4-room,2419
2012-Q3,5-room,1558
2012-Q3,Executive,578
2012-Q4,1-room,2
2012-Q4,2-room,123
2012-Q4,3-room,1593
2012-Q4,4-room,2129
2012-Q4,5-room,1288
2012-Q4,Executive,496
2013-Q1,1-room,1
2013-Q1,2-room,159
2013-Q1,3-room,1362
2013-Q1,4-room,1523
2013-Q1,5-room,962
2013-Q1,Executive,328
2013-Q2,1-room,3
2013-Q2,2-room,185
2013-Q2,3-room,1640
2013-Q2,4-room,1922
2013-Q2,5-room,1070
2013-Q2,Executive,415
2013-Q3,1-room,2
2013-Q3,2-room,172
2013-Q3,3-room,1377
2013-Q3,4-room,1670
2013-Q3,5-room,969
2013-Q3,Executive,339
2013-Q4,1-room,1
2013-Q4,2-room,132
2013-Q4,3-room,1251
2013-Q4,4-room,1524
2013-Q4,5-room,784
2013-Q4,Executive,309
2014-Q1,1-room,4
2014-Q1,2-room,92
2014-Q1,3-room,1285
2014-Q1,4-room,1444
2014-Q1,5-room,726
2014-Q1,Executive,230
2014-Q2,1-room,3
2014-Q2,2-room,119
2014-Q2,3-room,1411
2014-Q2,4-room,1669
2014-Q2,5-room,913
2014-Q2,Executive,274
2014-Q3,1-room,4
2014-Q3,2-room,94
2014-Q3,3-room,1416
2014-Q3,4-room,1735
2014-Q3,5-room,960
2014-Q3,Executive,304
2014-Q4,1-room,10
2014-Q4,2-room,118
2014-Q4,3-room,1398
2014-Q4,4-room,1779
2014-Q4,5-room,1024
2014-Q4,Executive,306
2015-Q1,1-room,2
2015-Q1,2-room,77
2015-Q1,3-room,1247
2015-Q1,4-room,1608
2015-Q1,5-room,925
2015-Q1,Executive,276
2015-Q2,1-room,3
2015-Q2,2-room,78
2015-Q2,3-room,1518
2015-Q2,4-room,2120
2015-Q2,5-room,1210
2015-Q2,Executive,357
2015-Q3,1-room,2
2015-Q3,2-room,80
2015-Q3,3-room,1374
2015-Q3,4-room,1935
2015-Q3,5-room,1140
2015-Q3,Executive,362
2015-Q4,1-room,3
2015-Q4,2-room,82
2015-Q4,3-room,1399
2015-Q4,4-room,1993
2015-Q4,5-room,1113
2015-Q4,Executive,402
2016-Q1,1-room,1
2016-Q1,2-room,51
2016-Q1,3-room,1220
2016-Q1,4-room,1809
2016-Q1,5-room,1023
2016-Q1,Executive,345
2016-Q2,1-room,3
2016-Q2,2-room,72
2016-Q2,3-room,1500
2016-Q2,4-room,2473
2016-Q2,5-room,1369
2016-Q2,Executive,421
2016-Q3,1-room,1
2016-Q3,2-room,74
2016-Q3,3-room,1473
2016-Q3,4-room,2250
2016-Q3,5-room,1283
2016-Q3,Executive,433
2016-Q4,1-room,1
2016-Q4,2-room,69
2016-Q4,3-room,1326
2016-Q4,4-room,2071
2016-Q4,5-room,1186
2016-Q4,Executive,359
2017-Q1,1-room,2
2017-Q1,2-room,64
2017-Q1,3-room,1210
2017-Q1,4-room,1857
2017-Q1,5-room,1055
2017-Q1,Executive,342
2017-Q2,1-room,1
2017-Q2,2-room,100
2017-Q2,3-room,1519
2017-Q2,4-room,2529
2017-Q2,5-room,1407
2017-Q2,Executive,445
2017-Q3,1-room,5
2017-Q3,2-room,96
2017-Q3,3-room,1400
2017-Q3,4-room,2447
2017-Q3,5-room,1428
2017-Q3,Executive,432
2017-Q4,1-room,2
2017-Q4,2-room,71
2017-Q4,3-room,1414
2017-Q4,4-room,2368
2017-Q4,5-room,1403
2017-Q4,Executive,480
2018-Q1,1-room,2
2018-Q1,2-room,66
2018-Q1,3-room,1046
2018-Q1,4-room,1810
2018-Q1,5-room,1111
2018-Q1,Executive,423
2018-Q2,1-room,3
2018-Q2,2-room,102
2018-Q2,3-room,1382
2018-Q2,4-room,2372
2018-Q2,5-room,1559
2018-Q2,Executive,523
2018-Q3,1-room,3
2018-Q3,2-room,121
2018-Q3,3-room,1704
2018-Q3,4-room,2828
2018-Q3,5-room,1797
2018-Q3,Executive,610
2018-Q4,1-room,2
2018-Q4,2-room,82
2018-Q4,3-room,1408
2018-Q4,4-room,2394
2018-Q4,5-room,1350
2018-Q4,Executive,401
2019-Q1,1-room,6
2019-Q1,2-room,87
2019-Q1,3-room,1225
2019-Q1,4-room,2032
2019-Q1,5-room,1148
2019-Q1,Executive,337
2019-Q2,1-ROOM,4
2019-Q2,2-ROOM,97
2019-Q2,3-ROOM,1532
2019-Q2,4-ROOM,2652
2019-Q2,5-ROOM,1520
2019-Q2,EXEC,471
2019-Q3,1-ROOM,1
2019-Q3,2-ROOM,139
2019-Q3,3-ROOM,1540
2019-Q3,4-ROOM,2553
2019-Q3,5-ROOM,1547
2019-Q3,EXEC,484
2019-Q4,1-ROOM,0
2019-Q4,2-ROOM,128
2019-Q4,3-ROOM,1576
2019-Q4,4-ROOM,2659
2019-Q4,5-ROOM,1519
2019-Q4,EXEC,457
2020-Q1,1-ROOM,3
2020-Q1,2-ROOM,153
2020-Q1,3-ROOM,1375
2020-Q1,4-ROOM,2537
2020-Q1,5-ROOM,1419
2020-Q1,EXEC,406
2020-Q2,1-ROOM,3
2020-Q2,2-ROOM,64
2020-Q2,3-ROOM,877
2020-Q2,4-ROOM,1374
2020-Q2,5-ROOM,845
2020-Q2,EXEC,263
2020-Q3,1-ROOM,2
2020-Q3,2-ROOM,155
2020-Q3,3-ROOM,1835
2020-Q3,4-ROOM,3211
2020-Q3,5-ROOM,1954
2020-Q3,EXEC,630
2020-Q4,1-ROOM,3
2020-Q4,2-ROOM,110
2020-Q4,3-ROOM,1683
2020-Q4,4-ROOM,3139
2020-Q4,5-ROOM,2047
2020-Q4,EXEC,660
2021-Q1,1-ROOM,5
2021-Q1,2-ROOM,111
2021-Q1,3-ROOM,1677
2021-Q1,4-ROOM,3217
2021-Q1,5-ROOM,1996
2021-Q1,EXEC,575
2021-Q2,1-ROOM,4
2021-Q2,2-ROOM,103
2021-Q2,3-ROOM,1484
2021-Q2,4-ROOM,3078
2021-Q2,5-ROOM,1866
2021-Q2,EXEC,528
2021-Q3,1-ROOM,2
2021-Q3,2-ROOM,118
2021-Q3,3-ROOM,1831
2021-Q3,4-ROOM,3593
2021-Q3,5-ROOM,2268
2021-Q3,EXEC,621
2021-Q4,1-ROOM,0
2021-Q4,2-ROOM,114
2021-Q4,3-ROOM,1785
2021-Q4,4-ROOM,3347
2021-Q4,5-ROOM,2085
2021-Q4,EXEC,609
2022-Q1,1-ROOM,2
2022-Q1,2-ROOM,111
2022-Q1,3-ROOM,1647
2022-Q1,4-ROOM,2954
2022-Q1,5-ROOM,1731
2022-Q1,EXEC,489
2022-Q2,1-ROOM,4
2022-Q2,2-ROOM,111
2022-Q2,3-ROOM,1558
2022-Q2,4-ROOM,2909
2022-Q2,5-ROOM,1762
2022-Q2,EXEC,475
2022-Q3,1-ROOM,3
2022-Q3,2-ROOM,141
2022-Q3,3-ROOM,1790
2022-Q3,4-ROOM,3147
2022-Q3,5-ROOM,1913
2022-Q3,EXEC,552
2022-Q4,1-ROOM,2
2022-Q4,2-ROOM,141
2022-Q4,3-ROOM,1637
2022-Q4,4-ROOM,2842
2022-Q4,5-ROOM,1545
2022-Q4,EXEC,430
